<?xml version="1.0" encoding="UTF-8"?>
<!DOCTYPE mapper PUBLIC "-//mybatis.org//DTD Mapper 3.0//EN" "http://mybatis.org/dtd/mybatis-3-mapper.dtd">
<mapper namespace="GetScenarioInfo">
	<select id="getScenarioList" resultType="java.util.HashMap" parameterType="java.util.HashMap">
		SELECT FAB_ID,
		       AREA_ID,
		       EQP_GRP,
		       EQP_ID,
		       ALARM_ID,
		       SNRO_ID,
		       SNRO_NM,
		       AUTO_FLAG,
		       CRT_TM,
		       CRT_USER_ID,
		       CHG_TM,
		       CHG_USER_ID			   
		  FROM BIZ_AJSNROMAPPING_INF
	   	 WHERE FAB_ID = #{FAB_ID}
		   AND AREA_ID = #{AREA_ID}
		   <if test='EQP_GRP != null and !EQP_GRP.equals("none")' >
		  	 AND EQP_GRP = #{EQP_GRP}
		   </if>
		   
		   <if test='EQP_ID != null and !EQP_ID.equals("none")' >
		  	 AND EQP_ID = #{EQP_ID}
		   </if>
		   
		   <if test='ALRAM_ID != null' >
		  	 AND ALRAM_ID = #{ALRAM_ID}
		   </if>
		   
		   	<if test='SNRO_ID != null' >
		  	 AND SNRO_ID = #{SNRO_ID}
		   </if>
	</select>
	
	<select id="getEqpGrpListForSNROCNT" resultType="java.util.HashMap" parameterType="java.util.HashMap">
		SELECT FAB_ID,
		       AREA_ID,
		       EQP_GRP,
		       SNRO_LIST,
		       SNRO_CNT   
		  FROM BIZ_AJGRPSNRO_INF
	   	 WHERE FAB_ID = #{FAB_ID}
	   	   <if test='AREA_ID != null and !AREA_ID.equals("none")' >
		   	AND AREA_ID = #{AREA_ID}
		   </if>
		   <if test='EQP_GRP != null and !EQP_GRP.equals("none")' >
		   	AND EQP_GRP = #{EQP_GRP}
		   </if>
	</select>
	
	<select id="getScenarioFromEqpGrp" resultType="java.util.HashMap" parameterType="java.util.HashMap">
		SELECT SNRO_ID,
		       SNRO_NM,
		       SNRO_DESC,
		       TRY_LIMIT_CNT   
		  FROM BIZ_SCENARIO_INF
	   	 WHERE FAB_ID = #{FAB_ID}
		   	AND AREA_ID = #{AREA_ID}

		   <if test='SNRO_ID != null and SNRO_ID.length() > 0' >
		 	  	AND SNRO_ID = #{SNRO_ID}
		   </if>
	</select>
	
	<select id="getAllScenarioList" resultType="java.util.HashMap" parameterType="java.util.HashMap">
		SELECT SNRO_ID,
		       SNRO_NM,
		       SNRO_DESC,
		       TRY_LIMIT_CNT   
		  FROM BIZ_SCENARIO_INF
	   	 WHERE FAB_ID = #{FAB_ID}
		   	AND AREA_ID = #{AREA_ID}
		   	
		   	<choose>
            <when test="SNRO_ID.size != 0">
                AND SNRO_ID NOT IN 
                <foreach collection="SNRO_ID" item="item" index="index" separator="," open="(" close=")">
                    #{item}
                </foreach>
            </when>
        </choose>
	</select>
	
	
	<select id="getScenarioListCNT" resultType="java.util.HashMap" parameterType="java.util.HashMap">
		SELECT COUNT(*)	AS CNT   
		  FROM BIZ_AJSNROMAPPING_INF
	   	 WHERE FAB_ID = #{FAB_ID}
		   AND AREA_ID = #{AREA_ID}
		   <if test='EQP_GRP != null and !EQP_GRP.equals("none")' >
		  	 AND EQP_GRP = #{EQP_GRP}
		   </if>	   
		   AND SNRO_ID = #{SNRO_ID}
	</select>
	
	<select id="getEQPMappingList" resultType="java.util.HashMap" parameterType="java.util.HashMap">
		SELECT A.AREA_ID,
				   A.EQP_GRP,
				   A.EQP_ID,
				   B.ALARM_ID,
				   B.SNRO_ID,
				   NVL(B.AUTO_FLAG,'N') AS AUTO_FLAG 			
		  FROM MAS_EQP_INF A,
			   BIZ_AJSNROMAPPING_INF B
	     WHERE A.FAB_ID = #{FAB_ID}
	   	   AND A.AREA_ID = #{AREA_ID}
		   <if test='EQP_GRP != null and !EQP_GRP.equals("none")' >
			  AND A.EQP_GRP = #{EQP_GRP}
			  AND A.EQP_GRP = B.EQP_GRP(+)
		   </if>	   
	       AND A.FAB_ID = B.FAB_ID(+)
	       AND A.AREA_ID = B.AREA_ID(+)	   
	       AND A.EQP_ID = B.EQP_ID(+)
	</select>
	
	<select id="getScenarioFromAlarm" resultType="java.util.HashMap" parameterType="java.util.HashMap">
		SELECT SNRO_ID,
		       SNRO_NM,
		       SNRO_DESC,
		       TRY_LIMIT_CNT   
		  FROM BIZ_SCENARIO_INF
	   	 WHERE FAB_ID = #{FAB_ID}
		   	AND AREA_ID = #{AREA_ID}

		   <if test='SNRO_ID != null and SNRO_ID.length() > 0' >
		 	  	AND SNRO_ID = #{SNRO_ID}
		   </if>
		   
		   <if test='ALARM_ID != null and ALARM_ID.length() > 0' >
		 	  	AND ALARM_ID = #{ALARM_ID}
		   </if>
	
	</select>
</mapper>