<?xml version="1.0" encoding="UTF-8"?>
<!DOCTYPE mapper PUBLIC "-//mybatis.org//DTD Mapper 3.0//EN" "http://mybatis.org/dtd/mybatis-3-mapper.dtd">
<mapper namespace="GetActivityInfo">
	<select id="getActivityList" resultType="java.util.HashMap" parameterType="java.util.HashMap">
		SELECT FAB_ID,
		       AREA_ID,
		       SNRO_ID,
		       SNRO_NM,
		       SNRO_DESC
		       TRY_LIMIT_CNT,
		       ACTIVITY_LIST,
		       CRT_TM,
		       CRT_USER_ID,
		       CHG_TM,
		       CHG_USER_ID			   
		  FROM BIZ_SCENARIO_INF
	   	 WHERE FAB_ID = #{FAB_ID}
		   AND AREA_ID = #{AREA_ID}
		   AND SNRO_ID = #{SNRO_ID}
	</select>
	
	<select id="getActivityDesc" resultType="java.util.HashMap" parameterType="java.util.HashMap">
		SELECT ACTIVITY_DESC	   
		  FROM BIZ_ACTIVITY_INF
	   	 WHERE FAB_ID = #{FAB_ID}
	   	   AND AREA_ID = #{AREA_ID}
		   AND ACTIVITY_ID = #{ACTIVITY_ID}
		   AND ACTIVITY_NM = #{ACTIVITY_NM}
	</select>
	
	<select id="getActivityInfo" resultType="java.util.HashMap" parameterType="java.util.HashMap">
		SELECT FAB_ID,
			   AREA_ID,
		       ACTIVITY_ID,
		       ACTIVITY_TYPE,
		       ACTIVITY_NM,
		       ACTIVITY_DESC,
		       CRT_TM,
		       CRT_USER_ID,
		       CHG_TM,
		       CHG_USER_ID	   
		  FROM BIZ_ACTIVITY_INF
	   	 WHERE FAB_ID = #{FAB_ID}
	   	   AND AREA_ID = #{AREA_ID}
	   	   
	   	   <if test='ACTIVITY_ID != null' >
		   	AND ACTIVITY_ID = #{ACTIVITY_ID}
		   </if>
		   
		   <if test='ACTIVITY_NM != null' >
		   	AND ACTIVITY_NM = #{ACTIVITY_NM}
		   </if>
	</select>
</mapper>